Apellido(s),Nombre,Usuario,Dirección Email,Estado,Iniciado,Finalizado,Duración,Calificación/105.00,Q. 1 /1.00,Q. 2 /1.00,Q. 3 /1.00,Q. 4 /1.00,Q. 5 /1.00,Q. 6 /1.00,Q. 7 /1.00,Q. 8 /1.00,Q. 9 /1.00,Q. 10 /1.00,Q. 11 /1.00,Q. 12 /1.00,Q. 13 /1.00,Q. 14 /1.00,Q. 15 /1.00,Q. 16 /1.00,Q. 17 /1.00,Q. 18 /1.00,Q. 19 /1.00,Q. 20 /1.00,Q. 21 /1.00,Q. 22 /1.00,Q. 23 /1.00,Q. 24 /1.00,Q. 25 /1.00,Q. 26 /1.00,Q. 27 /1.00,Q. 28 /1.00,Q. 29 /1.00,Q. 30 /1.00,Q. 31 /1.00,Q. 32 /1.00,Q. 33 /1.00,Q. 34 /1.00,Q. 35 /1.00,Q. 36 /1.00,Q. 37 /1.00,Q. 38 /1.00,Q. 39 /1.00,Q. 40 /1.00,Q. 41 /1.00,Q. 42 /1.00,Q. 43 /1.00,Q. 44 /1.00,Q. 45 /1.00,Q. 46 /1.00,Q. 47 /1.00,Q. 48 /1.00,Q. 49 /1.00,Q. 50 /1.00,Q. 51 /1.00,Q. 52 /1.00,Q. 53 /1.00,Q. 54 /1.00,Q. 55 /1.00,Q. 56 /1.00,Q. 57 /1.00,Q. 58 /1.00,Q. 59 /1.00,Q. 60 /1.00,Q. 61 /1.00,Q. 62 /1.00,Q. 63 /1.00,Q. 64 /1.00,Q. 65 /1.00,Q. 66 /1.00,Q. 67 /1.00,Q. 68 /1.00,Q. 69 /1.00,Q. 70 /1.00,Q. 71 /1.00,Q. 72 /1.00,Q. 73 /1.00,Q. 74 /1.00,Q. 75 /1.00,Q. 76 /1.00,Q. 77 /1.00,Q. 78 /1.00,Q. 79 /1.00,Q. 80 /1.00,Q. 81 /1.00,Q. 82 /1.00,Q. 83 /1.00,Q. 84 /1.00,Q. 85 /1.00,Q. 86 /1.00,Q. 87 /1.00,Q. 88 /1.00,Q. 89 /1.00,Q. 90 /1.00,Q. 91 /1.00,Q. 92 /1.00,Q. 93 /1.00,Q. 94 /1.00,Q. 95 /1.00,Q. 96 /1.00,Q. 97 /1.00,Q. 98 /1.00,Q. 99 /1.00,Q. 100 /1.00,Q. 101 /1.00,Q. 102 /1.00,Q. 103 /1.00,Q. 104 /1.00,Q. 105 /1.00
Aspirante001,Reg001,REG26-000128,reg26-000128@ejemplo.mx,Terminado,12 de septiembre de 2026  08:12,12 de septiembre de 2026  09:30,1 horas 18 mins,43.00,0.00,1.00,1.00,1.00,1.00,0.00,1.00,1.00,1.00,0.00,0.00,1.00,1.00,0.00,0.00,1.00,0.00,0.00,0.00,1.00,1.00,1.00,0.00,1.00,0.00,1.00,1.00,1.00,0.00,0.00,1.00,0.00,0.00,0.00,0.00,1.00,0.00,0.00,0.00,0.00,0.00,1.00,0.00,1.00,1.00,0.00,0.00,0.00,0.00,1.00,1.00,1.00,0.00,1.00,1.00,1.00,0.00,0.00,0.00,0.00,1.00,0.00,0.00,0.00,1.00,1.00,0.00,0.00,0.00,0.00,0.00,0.00,0.00,1.00,0.00,0.00,1.00,0.00,0.00,1.00,0.00,0.00,0.00,0.00,0.00,0.00,0.00,0.00,1.00,1.00,1.00,1.00,0.00,1.00,0.00,0.00,1.00,0.00,0.00,0.00,1.00,1.00,1.00,0.00,0.00
Aspirante002,Reg002,REG26-000173,reg26-000173@ejemplo.mx,Terminado,12 de septiembre de 2026  09:31,12 de septiembre de 2026  11:15,1 horas 44 mins,53.00,0.00,1.00,0.00,1.00,0.00,1.00,1.00,0.00,1.00,0.00,1.00,0.00,1.00,1.00,0.00,0.00,0.00,0.00,1.00,1.00,1.00,1.00,1.00,1.00,1.00,1.00,0.00,0.00,1.00,1.00,1.00,1.00,1.00,0.00,1.00,0.00,0.00,0.00,0.00,0.00,0.00,0.00,0.00,1.00,1.00,0.00,1.00,1.00,0.00,1.00,1.00,0.00,1.00,1.00,0.00,1.00,1.00,1.00,0.00,0.00,1.00,1.00,1.00,0.00,1.00,1.00,0.00,0.00,0.00,0.00,0.00,1.00,1.00,1.00,1.00,0.00,0.00,0.00,1.00,1.00,0.00,0.00,1.00,1.00,0.00,0.00,1.00,0.00,0.00,0.00,1.00,0.00,0.00,1.00,0.00,1.00,1.00,1.00,0.00,0.00,0.00,0.00,0.00,1.00,0.00
Aspirante003,Reg003,REG26-000194,reg26-000194@ejemplo.mx,Terminado,12 de septiembre de 2026  14:05,12 de septiembre de 2026  16:28,2 horas 23 mins,51.00,1.00,0.00,1.00,1.00,1.00,1.00,1.00,0.00,1.00,0.00,0.00,0.00,1.00,1.00,1.00,1.00,0.00,1.00,1.00,1.00,1.00,1.00,1.00,0.00,1.00,1.00,0.00,0.00,1.00,1.00,1.00,1.00,1.00,1.00,0.00,0.00,0.00,0.00,1.00,1.00,0.00,0.00,0.00,1.00,1.00,0.00,0.00,0.00,1.00,0.00,1.00,1.00,1.00,1.00,0.00,0.00,1.00,1.00,0.00,0.00,1.00,1.00,1.00,1.00,0.00,0.00,0.00,1.00,1.00,0.00,0.00,1.00,0.00,0.00,0.00,0.00,1.00,1.00,1.00,0.00,0.00,1.00,0.00,0.00,1.00,0.00,0.00,0.00,0.00,1.00,0.00,0.00,0.00,0.00,0.00,0.00,0.00,0.00,0.00,1.00,1.00,0.00,0.00,0.00,0.00
Aspirante004,Reg004,REG26-000263,reg26-000263@ejemplo.mx,Terminado,12 de septiembre de 2026  08:13,12 de septiembre de 2026  09:11,58 mins 40 segundos,63.00,1.00,0.00,0.00,0.00,1.00,1.00,1.00,1.00,1.00,0.00,1.00,1.00,1.00,1.00,1.00,1.00,1.00,1.00,1.00,0.00,1.00,0.00,1.00,1.00,1.00,1.00,1.00,0.00,0.00,1.00,1.00,1.00,1.00,1.00,1.00,1.00,1.00,1.00,0.00,1.00,0.00,0.00,0.00,1.00,1.00,1.00,0.00,1.00,1.00,0.00,1.00,1.00,0.00,0.00,1.00,1.00,1.00,0.00,1.00,1.00,1.00,0.00,0.00,0.00,0.00,0.00,1.00,1.00,0.00,0.00,0.00,1.00,0.00,0.00,1.00,0.00,1.00,0.00,1.00,0.00,1.00,1.00,1.00,0.00,0.00,1.00,0.00,1.00,0.00,1.00,1.00,1.00,1.00,0.00,1.00,1.00,0.00,0.00,1.00,0.00,0.00,0.00,0.00,0.00,1.00
Aspirante005,Reg005,REG26-000290,reg26-000290@ejemplo.mx,No se ha intentado todavía,,,,0.00,-,-,-,-,-,-,-,-,-,-,-,-,-,-,-,-,-,-,-,-,-,-,-,-,-,-,-,-,-,-,-,-,-,-,-,-,-,-,-,-,-,-,-,-,-,-,-,-,-,-,-,-,-,-,-,-,-,-,-,-,-,-,-,-,-,-,-,-,-,-,-,-,-,-,-,-,-,-,-,-,-,-,-,-,-,-,-,-,-,-,-,-,-,-,-,-,-,-,-,-,-,-,-,-,-
Aspirante006,Reg006,REG26-000401,reg26-000401@ejemplo.mx,Terminado,12 de septiembre de 2026  14:04,12 de septiembre de 2026  14:56,52 mins 44 segundos,85.00,1.00,1.00,1.00,1.00,1.00,1.00,1.00,1.00,1.00,1.00,1.00,1.00,1.00,1.00,1.00,1.00,1.00,1.00,1.00,1.00,1.00,1.00,0.00,1.00,1.00,1.00,1.00,1.00,1.00,1.00,1.00,1.00,1.00,1.00,1.00,1.00,1.00,1.00,1.00,1.00,1.00,1.00,1.00,0.00,1.00,0.00,1.00,1.00,0.00,0.00,1.00,1.00,0.00,1.00,0.00,0.00,1.00,1.00,1.00,1.00,1.00,1.00,1.00,0.00,1.00,1.00,1.00,1.00,0.00,1.00,1.00,1.00,1.00,1.00,1.00,1.00,0.00,1.00,0.00,0.00,1.00,1.00,1.00,1.00,1.00,1.00,1.00,1.00,0.00,1.00,1.00,1.00,1.00,0.00,1.00,0.00,1.00,0.00,1.00,0.00,1.00,1.00,1.00,0.00,0.00
Aspirante007,Reg007,REG26-000437,reg26-000437@ejemplo.mx,Terminado,12 de septiembre de 2026  08:04,12 de septiembre de 2026  08:54,50 mins 3 segundos,72.00,1.00,1.00,1.00,1.00,1.00,0.00,0.00,1.00,0.00,1.00,1.00,0.00,1.00,1.00,1.00,1.00,1.00,1.00,1.00,1.00,1.00,0.00,0.00,1.00,0.00,1.00,1.00,1.00,0.00,1.00,1.00,1.00,1.00,1.00,1.00,1.00,1.00,1.00,1.00,1.00,1.00,1.00,1.00,1.00,1.00,0.00,1.00,1.00,0.00,1.00,1.00,0.00,0.00,0.00,1.00,1.00,1.00,0.00,0.00,1.00,1.00,0.00,1.00,1.00,0.00,1.00,0.00,1.00,1.00,1.00,1.00,1.00,1.00,0.00,1.00,1.00,0.00,0.00,1.00,1.00,0.00,1.00,0.00,1.00,1.00,1.00,1.00,0.00,0.00,0.00,0.00,1.00,1.00,1.00,1.00,0.00,0.00,1.00,0.00,0.00,1.00,0.00,0.00,1.00,1.00
Aspirante008,Reg008,REG26-000446,reg26-000446@ejemplo.mx,Terminado,12 de septiembre de 2026  09:45,12 de septiembre de 2026  10:29,44 mins 57 segundos,59.00,1.00,0.00,1.00,1.00,1.00,0.00,0.00,1.00,1.00,1.00,1.00,1.00,1.00,0.00,0.00,1.00,1.00,1.00,1.00,1.00,1.00,0.00,1.00,1.00,0.00,1.00,1.00,0.00,1.00,1.00,1.00,1.00,1.00,1.00,1.00,1.00,1.00,1.00,1.00,1.00,1.00,0.00,0.00,1.00,0.00,0.00,1.00,0.00,0.00,0.00,0.00,0.00,0.00,1.00,0.00,0.00,0.00,0.00,1.00,0.00,1.00,0.00,1.00,0.00,1.00,1.00,0.00,0.00,0.00,1.00,1.00,0.00,1.00,0.00,0.00,0.00,0.00,0.00,1.00,1.00,1.00,0.00,0.00,1.00,0.00,1.00,1.00,1.00,1.00,1.00,0.00,0.00,0.00,0.00,0.00,0.00,0.00,0.00,1.00,1.00,1.00,1.00,1.00,1.00,0.00
Aspirante009,Reg009,REG26-000503,reg26-000503@ejemplo.mx,Terminado,12 de septiembre de 2026  14:05,12 de septiembre de 2026  14:51,46 mins 12 segundos,51.00,0.00,1.00,1.00,1.00,1.00,0.00,1.00,1.00,1.00,0.00,0.00,1.00,1.00,0.00,1.00,1.00,0.00,0.00,1.00,0.00,1.00,1.00,1.00,0.00,1.00,1.00,0.00,1.00,0.00,1.00,0.00,1.00,0.00,0.00,1.00,1.00,0.00,1.00,0.00,0.00,0.00,0.00,0.00,1.00,0.00,1.00,0.00,1.00,1.00,1.00,0.00,1.00,0.00,1.00,1.00,0.00,0.00,0.00,0.00,1.00,1.00,0.00,0.00,1.00,0.00,0.00,1.00,0.00,0.00,0.00,0.00,1.00,0.00,1.00,0.00,1.00,0.00,0.00,1.00,1.00,0.00,0.00,1.00,0.00,1.00,1.00,0.00,1.00,0.00,1.00,0.00,1.00,1.00,1.00,0.00,0.00,1.00,1.00,0.00,0.00,1.00,0.00,0.00,0.00,0.00
Aspirante010,Reg010,REG26-000638,reg26-000638@ejemplo.mx,Terminado,12 de septiembre de 2026  08:07,12 de septiembre de 2026  09:29,1 horas 22 mins,41.00,1.00,0.00,1.00,1.00,1.00,0.00,1.00,1.00,1.00,0.00,0.00,0.00,0.00,0.00,1.00,0.00,0.00,0.00,0.00,1.00,1.00,0.00,0.00,1.00,1.00,0.00,1.00,1.00,0.00,1.00,0.00,1.00,0.00,1.00,0.00,0.00,0.00,1.00,1.00,1.00,0.00,0.00,0.00,0.00,0.00,1.00,0.00,1.00,1.00,1.00,0.00,0.00,1.00,0.00,0.00,0.00,0.00,1.00,0.00,0.00,0.00,0.00,0.00,1.00,0.00,0.00,0.00,0.00,0.00,1.00,1.00,0.00,0.00,1.00,1.00,1.00,0.00,0.00,0.00,0.00,0.00,1.00,0.00,0.00,1.00,1.00,0.00,1.00,0.00,1.00,0.00,0.00,0.00,0.00,0.00,0.00,0.00,1.00,0.00,1.00,1.00,0.00,0.00,1.00,0.00
Aspirante011,Reg011,REG26-000704,reg26-000704@ejemplo.mx,Terminado,12 de septiembre de 2026  09:30,12 de septiembre de 2026  12:12,2 horas 42 mins,33.00,1.00,0.00,0.00,0.00,0.00,1.00,0.00,0.00,0.00,1.00,0.00,0.00,0.00,1.00,1.00,0.00,0.00,1.00,0.00,1.00,0.00,1.00,1.00,0.00,1.00,1.00,0.00,0.00,0.00,0.00,0.00,1.00,0.00,1.00,0.00,1.00,0.00,1.00,0.00,0.00,1.00,0.00,1.00,0.00,0.00,1.00,0.00,0.00,0.00,0.00,1.00,0.00,0.00,1.00,1.00,0.00,1.00,0.00,0.00,0.00,1.00,0.00,0.00,0.00,0.00,0.00,0.00,0.00,1.00,1.00,0.00,0.00,0.00,0.00,1.00,0.00,0.00,0.00,0.00,0.00,1.00,0.00,0.00,0.00,1.00,0.00,1.00,1.00,0.00,0.00,1.00,1.00,0.00,0.00,0.00,0.00,0.00,0.00,0.00,0.00,1.00,0.00,0.00,0.00,0.00
Aspirante012,Reg012,REG26-000725,reg26-000725@ejemplo.mx,Terminado,12 de septiembre de 2026  14:01,12 de septiembre de 2026  15:25,1 horas 24 mins,67.00,1.00,0.00,1.00,1.00,1.00,1.00,0.00,1.00,0.00,1.00,1.00,0.00,1.00,1.00,0.00,0.00,0.00,1.00,0.00,1.00,1.00,1.00,0.00,0.00,1.00,0.00,1.00,1.00,1.00,1.00,1.00,0.00,1.00,0.00,1.00,1.00,1.00,1.00,1.00,1.00,1.00,1.00,1.00,1.00,1.00,0.00,1.00,1.00,1.00,1.00,1.00,1.00,1.00,1.00,1.00,0.00,1.00,1.00,0.00,1.00,1.00,1.00,1.00,1.00,0.00,0.00,0.00,0.00,1.00,0.00,1.00,1.00,1.00,0.00,0.00,1.00,1.00,1.00,0.00,0.00,1.00,1.00,0.00,1.00,1.00,1.00,1.00,0.00,0.00,0.00,0.00,1.00,1.00,0.00,0.00,1.00,1.00,0.00,0.00,0.00,0.00,0.00,1.00,1.00,0.00
Aspirante013,Reg013,REG26-000743,reg26-000743@ejemplo.mx,Terminado,12 de septiembre de 2026  08:14,12 de septiembre de 2026  10:21,2 horas 7 mins,57.00,0.00,1.00,0.00,1.00,1.00,1.00,1.00,0.00,1.00,1.00,1.00,0.00,0.00,1.00,1.00,1.00,1.00,1.00,1.00,1.00,0.00,0.00,0.00,0.00,1.00,1.00,1.00,1.00,0.00,1.00,0.00,1.00,0.00,1.00,0.00,1.00,0.00,0.00,0.00,0.00,1.00,1.00,1.00,1.00,1.00,0.00,0.00,0.00,1.00,1.00,0.00,1.00,0.00,1.00,0.00,1.00,0.00,1.00,1.00,1.00,1.00,0.00,1.00,1.00,0.00,0.00,0.00,0.00,1.00,1.00,0.00,0.00,0.00,1.00,0.00,1.00,0.00,0.00,0.00,0.00,1.00,0.00,1.00,1.00,1.00,1.00,1.00,0.00,1.00,0.00,0.00,0.00,1.00,1.00,0.00,0.00,1.00,1.00,0.00,1.00,0.00,0.00,1.00,0.00,1.00
Aspirante014,Reg014,REG26-000755,reg26-000755@ejemplo.mx,Terminado,12 de septiembre de 2026  09:38,12 de septiembre de 2026  12:22,2 horas 44 mins,45.00,1.00,0.00,1.00,1.00,0.00,1.00,0.00,0.00,1.00,0.00,1.00,0.00,1.00,0.00,0.00,1.00,1.00,0.00,0.00,0.00,0.00,0.00,0.00,0.00,1.00,0.00,1.00,0.00,0.00,0.00,0.00,0.00,1.00,1.00,1.00,1.00,1.00,1.00,0.00,1.00,0.00,0.00,1.00,1.00,0.00,0.00,0.00,1.00,1.00,0.00,1.00,0.00,1.00,0.00,0.00,0.00,0.00,0.00,1.00,0.00,0.00,1.00,1.00,0.00,0.00,0.00,1.00,1.00,1.00,0.00,1.00,1.00,1.00,0.00,0.00,0.00,0.00,0.00,0.00,1.00,0.00,0.00,1.00,1.00,0.00,0.00,1.00,1.00,0.00,0.00,0.00,1.00,0.00,1.00,1.00,1.00,0.00,1.00,0.00,0.00,1.00,0.00,0.00,0.00,1.00
Aspirante015,Reg015,REG26-000812,reg26-000812@ejemplo.mx,Terminado,12 de septiembre de 2026  14:12,12 de septiembre de 2026  15:42,1 horas 30 mins,71.00,1.00,1.00,1.00,1.00,0.00,1.00,1.00,0.00,1.00,1.00,1.00,1.00,1.00,1.00,1.00,1.00,1.00,0.00,1.00,1.00,1.00,1.00,0.00,1.00,1.00,0.00,0.00,1.00,1.00,1.00,1.00,1.00,1.00,1.00,0.00,1.00,1.00,0.00,0.00,1.00,0.00,0.00,1.00,1.00,0.00,1.00,1.00,1.00,1.00,1.00,0.00,1.00,0.00,0.00,1.00,1.00,0.00,1.00,0.00,1.00,1.00,0.00,1.00,1.00,1.00,0.00,1.00,0.00,0.00,0.00,1.00,1.00,0.00,1.00,1.00,0.00,1.00,1.00,1.00,1.00,0.00,1.00,0.00,1.00,1.00,0.00,0.00,0.00,1.00,1.00,1.00,1.00,0.00,1.00,1.00,1.00,1.00,1.00,0.00,0.00,0.00,1.00,1.00,0.00,1.00
Aspirante016,Reg016,REG26-000866,reg26-000866@ejemplo.mx,Terminado,12 de septiembre de 2026  08:02,12 de septiembre de 2026  08:53,51 mins 28 segundos,30.00,0.00,1.00,0.00,0.00,1.00,0.00,0.00,0.00,0.00,0.00,1.00,1.00,0.00,1.00,0.00,1.00,0.00,0.00,0.00,0.00,1.00,0.00,0.00,0.00,0.00,1.00,0.00,0.00,0.00,0.00,0.00,0.00,1.00,0.00,0.00,1.00,0.00,0.00,0.00,1.00,0.00,1.00,0.00,0.00,0.00,0.00,0.00,1.00,0.00,0.00,0.00,0.00,0.00,0.00,0.00,1.00,1.00,1.00,0.00,0.00,0.00,0.00,0.00,0.00,1.00,1.00,1.00,1.00,1.00,0.00,1.00,1.00,1.00,0.00,0.00,0.00,0.00,0.00,0.00,0.00,1.00,1.00,0.00,0.00,0.00,0.00,0.00,1.00,0.00,0.00,0.00,1.00,0.00,0.00,0.00,0.00,0.00,0.00,0.00,1.00,0.00,0.00,1.00,0.00,0.00
Aspirante017,Reg017,REG26-000872,reg26-000872@ejemplo.mx,Terminado,12 de septiembre de 2026  09:31,12 de septiembre de 2026  12:26,2 horas 55 mins,45.00,1.00,1.00,1.00,1.00,0.00,1.00,1.00,0.00,0.00,0.00,1.00,1.00,1.00,0.00,1.00,1.00,0.00,0.00,0.00,0.00,0.00,0.00,1.00,0.00,1.00,1.00,1.00,0.00,0.00,1.00,1.00,1.00,0.00,1.00,0.00,0.00,0.00,0.00,0.00,0.00,0.00,1.00,1.00,0.00,0.00,1.00,0.00,1.00,1.00,1.00,0.00,0.00,0.00,0.00,1.00,0.00,1.00,1.00,1.00,1.00,1.00,0.00,1.00,0.00,0.00,0.00,1.00,0.00,1.00,0.00,0.00,0.00,1.00,1.00,0.00,0.00,1.00,0.00,0.00,0.00,0.00,1.00,1.00,0.00,1.00,1.00,0.00,1.00,0.00,1.00,0.00,0.00,0.00,0.00,1.00,0.00,0.00,0.00,0.00,1.00,0.00,0.00,0.00,0.00,0.00
Aspirante018,Reg018,REG26-000911,reg26-000911@ejemplo.mx,Terminado,12 de septiembre de 2026  14:11,12 de septiembre de 2026  15:54,1 horas 43 mins,37.00,0.00,1.00,1.00,0.00,0.00,0.00,0.00,0.00,0.00,1.00,0.00,0.00,0.00,0.00,1.00,0.00,1.00,0.00,0.00,0.00,0.00,0.00,1.00,0.00,1.00,0.00,0.00,0.00,0.00,0.00,0.00,1.00,1.00,0.00,0.00,1.00,1.00,1.00,1.00,0.00,0.00,1.00,0.00,0.00,1.00,0.00,0.00,0.00,0.00,1.00,0.00,1.00,0.00,0.00,0.00,1.00,0.00,0.00,0.00,0.00,0.00,1.00,0.00,1.00,1.00,0.00,1.00,0.00,0.00,0.00,1.00,1.00,1.00,0.00,0.00,0.00,1.00,1.00,1.00,0.00,0.00,0.00,0.00,1.00,0.00,1.00,0.00,1.00,0.00,0.00,1.00,0.00,0.00,1.00,0.00,0.00,0.00,0.00,0.00,1.00,0.00,0.00,1.00,1.00,1.00
Aspirante019,Reg019,REG26-000947,reg26-000947@ejemplo.mx,Terminado,12 de septiembre de 2026  08:15,12 de septiembre de 2026  09:47,1 horas 32 mins,81.00,1.00,1.00,1.00,1.00,1.00,1.00,1.00,1.00,1.00,1.00,1.00,1.00,0.00,1.00,1.00,0.00,1.00,1.00,0.00,0.00,1.00,1.00,1.00,1.00,1.00,1.00,1.00,1.00,1.00,0.00,1.00,0.00,0.00,1.00,1.00,1.00,1.00,1.00,1.00,1.00,1.00,1.00,1.00,1.00,1.00,1.00,1.00,1.00,1.00,0.00,1.00,1.00,1.00,0.00,1.00,1.00,1.00,1.00,1.00,0.00,1.00,0.00,0.00,1.00,0.00,1.00,1.00,1.00,1.00,0.00,0.00,1.00,1.00,0.00,1.00,1.00,0.00,1.00,1.00,1.00,1.00,1.00,1.00,0.00,1.00,1.00,1.00,1.00,1.00,1.00,0.00,1.00,1.00,1.00,1.00,0.00,1.00,1.00,0.00,0.00,1.00,0.00,1.00,1.00,0.00
Aspirante020,Reg020,REG26-001040,reg26-001040@ejemplo.mx,Terminado,12 de septiembre de 2026  09:40,12 de septiembre de 2026  11:19,1 horas 39 mins,61.00,1.00,1.00,1.00,0.00,1.00,1.00,1.00,1.00,1.00,1.00,1.00,1.00,1.00,1.00,1.00,1.00,0.00,1.00,0.00,0.00,1.00,1.00,0.00,1.00,1.00,1.00,1.00,1.00,1.00,0.00,0.00,1.00,0.00,1.00,1.00,0.00,1.00,1.00,1.00,0.00,0.00,0.00,0.00,0.00,1.00,0.00,1.00,1.00,1.00,0.00,0.00,0.00,0.00,0.00,1.00,1.00,1.00,1.00,1.00,1.00,1.00,1.00,1.00,0.00,0.00,1.00,0.00,0.00,1.00,1.00,0.00,1.00,0.00,0.00,0.00,0.00,1.00,0.00,0.00,0.00,0.00,1.00,1.00,0.00,1.00,1.00,1.00,1.00,1.00,0.00,1.00,0.00,0.00,1.00,1.00,0.00,0.00,0.00,0.00,0.00,1.00,1.00,0.00,0.00,1.00
Aspirante021,Reg021,REG26-001148,reg26-001148@ejemplo.mx,Terminado,12 de septiembre de 2026  14:03,12 de septiembre de 2026  15:16,1 horas 13 mins,84.00,1.00,1.00,1.00,1.00,1.00,1.00,0.00,1.00,1.00,1.00,1.00,1.00,1.00,1.00,1.00,1.00,1.00,0.00,0.00,1.00,1.00,1.00,0.00,1.00,1.00,1.00,0.00,1.00,1.00,1.00,1.00,1.00,1.00,1.00,1.00,1.00,1.00,1.00,1.00,1.00,1.00,1.00,1.00,0.00,0.00,1.00,1.00,0.00,1.00,1.00,0.00,1.00,1.00,1.00,1.00,0.00,1.00,1.00,1.00,1.00,1.00,1.00,1.00,1.00,0.00,1.00,1.00,1.00,1.00,1.00,1.00,0.00,1.00,1.00,1.00,1.00,1.00,1.00,0.00,0.00,0.00,1.00,0.00,1.00,1.00,1.00,1.00,1.00,1.00,1.00,1.00,0.00,0.00,1.00,1.00,1.00,1.00,0.00,1.00,1.00,1.00,1.00,0.00,0.00,1.00
Aspirante022,Reg022,REG26-001157,reg26-001157@ejemplo.mx,Terminado,12 de septiembre de 2026  08:01,12 de septiembre de 2026  10:27,2 horas 26 mins,58.00,0.00,1.00,1.00,1.00,0.00,1.00,1.00,0.00,1.00,1.00,0.00,0.00,1.00,1.00,0.00,0.00,0.00,0.00,0.00,1.00,0.00,1.00,1.00,1.00,1.00,1.00,0.00,1.00,0.00,1.00,0.00,0.00,1.00,0.00,0.00,1.00,1.00,1.00,0.00,0.00,1.00,1.00,0.00,0.00,0.00,0.00,1.00,0.00,0.00,1.00,0.00,0.00,1.00,0.00,1.00,0.00,1.00,0.00,0.00,1.00,0.00,0.00,1.00,1.00,1.00,1.00,1.00,1.00,1.00,0.00,1.00,0.00,1.00,1.00,0.00,0.00,1.00,0.00,0.00,1.00,0.00,1.00,1.00,1.00,1.00,1.00,0.00,1.00,1.00,1.00,1.00,0.00,0.00,1.00,0.00,0.00,1.00,1.00,1.00,1.00,1.00,0.00,1.00,0.00,1.00
Aspirante023,Reg023,REG26-001175,reg26-001175@ejemplo.mx,Terminado,12 de septiembre de 2026  09:44,12 de septiembre de 2026  12:39,2 horas 55 mins,49.00,0.00,1.00,1.00,0.00,0.00,0.00,0.00,1.00,1.00,0.00,0.00,0.00,1.00,0.00,1.00,1.00,0.00,1.00,0.00,1.00,1.00,0.00,0.00,0.00,1.00,0.00,1.00,1.00,1.00,0.00,1.00,0.00,0.00,0.00,1.00,1.00,1.00,1.00,0.00,0.00,0.00,0.00,1.00,0.00,1.00,0.00,1.00,0.00,1.00,0.00,0.00,1.00,1.00,1.00,1.00,0.00,0.00,0.00,1.00,0.00,1.00,1.00,1.00,1.00,0.00,0.00,1.00,0.00,0.00,0.00,0.00,1.00,1.00,0.00,1.00,0.00,1.00,0.00,1.00,1.00,0.00,1.00,0.00,1.00,1.00,1.00,0.00,0.00,1.00,0.00,0.00,0.00,1.00,1.00,0.00,0.00,0.00,1.00,0.00,1.00,1.00,0.00,0.00,0.00,0.00
Aspirante024,Reg024,REG26-001208,reg26-001208@ejemplo.mx,Terminado,12 de septiembre de 2026  14:10,12 de septiembre de 2026  15:40,1 horas 30 mins,58.00,1.00,1.00,1.00,0.00,0.00,1.00,1.00,0.00,1.00,0.00,1.00,1.00,1.00,0.00,1.00,1.00,1.00,0.00,1.00,1.00,1.00,0.00,0.00,0.00,1.00,0.00,0.00,1.00,0.00,1.00,1.00,1.00,0.00,0.00,0.00,0.00,0.00,1.00,0.00,0.00,1.00,1.00,0.00,1.00,1.00,0.00,0.00,1.00,0.00,0.00,1.00,0.00,1.00,1.00,0.00,0.00,0.00,1.00,1.00,1.00,0.00,1.00,1.00,1.00,1.00,1.00,1.00,1.00,0.00,1.00,1.00,1.00,0.00,0.00,0.00,0.00,1.00,0.00,0.00,0.00,0.00,1.00,0.00,0.00,1.00,1.00,0.00,1.00,1.00,0.00,1.00,0.00,1.00,1.00,0.00,1.00,0.00,0.00,1.00,1.00,1.00,1.00,0.00,1.00,1.00
Aspirante025,Reg025,REG26-001235,reg26-001235@ejemplo.mx,No se ha intentado todavía,,,,0.00,-,-,-,-,-,-,-,-,-,-,-,-,-,-,-,-,-,-,-,-,-,-,-,-,-,-,-,-,-,-,-,-,-,-,-,-,-,-,-,-,-,-,-,-,-,-,-,-,-,-,-,-,-,-,-,-,-,-,-,-,-,-,-,-,-,-,-,-,-,-,-,-,-,-,-,-,-,-,-,-,-,-,-,-,-,-,-,-,-,-,-,-,-,-,-,-,-,-,-,-,-,-,-,-,-
Aspirante026,Reg026,REG26-001280,reg26-001280@ejemplo.mx,Terminado,12 de septiembre de 2026  09:38,12 de septiembre de 2026  10:58,1 horas 20 mins,43.00,0.00,1.00,1.00,0.00,0.00,1.00,1.00,1.00,1.00,0.00,0.00,0.00,0.00,0.00,0.00,1.00,1.00,0.00,1.00,1.00,0.00,0.00,0.00,0.00,1.00,1.00,1.00,1.00,0.00,1.00,1.00,0.00,0.00,0.00,1.00,1.00,0.00,1.00,0.00,1.00,0.00,1.00,0.00,1.00,1.00,0.00,1.00,0.00,0.00,0.00,0.00,0.00,1.00,1.00,1.00,1.00,1.00,1.00,1.00,1.00,1.00,0.00,0.00,1.00,0.00,0.00,0.00,0.00,0.00,0.00,1.00,0.00,0.00,1.00,1.00,0.00,1.00,0.00,0.00,0.00,0.00,0.00,1.00,0.00,0.00,1.00,0.00,0.00,0.00,0.00,0.00,0.00,0.00,1.00,0.00,0.00,0.00,0.00,0.00,0.00,1.00,0.00,0.00,1.00,0.00
Aspirante027,Reg027,REG26-001457,reg26-001457@ejemplo.mx,Terminado,12 de septiembre de 2026  14:06,12 de septiembre de 2026  14:41,35 mins 39 segundos,69.00,1.00,1.00,1.00,1.00,0.00,1.00,0.00,1.00,1.00,1.00,1.00,1.00,1.00,0.00,1.00,1.00,1.00,1.00,1.00,1.00,1.00,1.00,1.00,1.00,1.00,1.00,1.00,1.00,0.00,0.00,0.00,0.00,0.00,1.00,0.00,0.00,0.00,1.00,0.00,1.00,0.00,1.00,0.00,1.00,1.00,1.00,1.00,1.00,1.00,1.00,0.00,1.00,1.00,0.00,0.00,0.00,0.00,0.00,1.00,1.00,1.00,1.00,1.00,1.00,1.00,1.00,1.00,0.00,1.00,0.00,0.00,0.00,1.00,0.00,1.00,1.00,1.00,0.00,1.00,1.00,0.00,0.00,1.00,1.00,1.00,0.00,0.00,1.00,0.00,1.00,1.00,1.00,1.00,0.00,0.00,1.00,1.00,1.00,1.00,1.00,0.00,1.00,0.00,0.00,1.00
Aspirante028,Reg028,REG26-001535,reg26-001535@ejemplo.mx,Terminado,12 de septiembre de 2026  08:01,12 de septiembre de 2026  10:26,2 horas 25 mins,61.00,1.00,1.00,0.00,0.00,1.00,1.00,0.00,1.00,0.00,1.00,1.00,1.00,1.00,0.00,1.00,1.00,1.00,1.00,1.00,0.00,1.00,1.00,1.00,1.00,1.00,1.00,0.00,1.00,1.00,1.00,1.00,0.00,1.00,0.00,1.00,0.00,1.00,0.00,0.00,1.00,1.00,0.00,1.00,0.00,1.00,1.00,1.00,0.00,1.00,0.00,1.00,0.00,1.00,0.00,1.00,0.00,1.00,0.00,0.00,0.00,0.00,0.00,0.00,0.00,0.00,0.00,1.00,1.00,0.00,1.00,0.00,0.00,0.00,1.00,0.00,1.00,0.00,1.00,0.00,0.00,0.00,1.00,1.00,0.00,0.00,0.00,1.00,1.00,1.00,1.00,1.00,0.00,1.00,1.00,1.00,1.00,1.00,1.00,0.00,1.00,1.00,1.00,0.00,1.00,0.00
Aspirante029,Reg029,REG26-001565,reg26-001565@ejemplo.mx,Terminado,12 de septiembre de 2026  09:42,12 de septiembre de 2026  12:37,2 horas 55 mins,44.00,0.00,0.00,1.00,1.00,0.00,1.00,1.00,1.00,0.00,0.00,0.00,0.00,1.00,1.00,0.00,1.00,1.00,0.00,1.00,0.00,1.00,1.00,1.00,0.00,0.00,1.00,1.00,0.00,0.00,1.00,0.00,0.00,0.00,1.00,1.00,0.00,1.00,0.00,1.00,0.00,1.00,1.00,0.00,1.00,0.00,1.00,0.00,0.00,0.00,1.00,1.00,0.00,1.00,1.00,0.00,0.00,1.00,1.00,1.00,1.00,0.00,0.00,0.00,0.00,1.00,1.00,0.00,0.00,1.00,1.00,1.00,0.00,1.00,0.00,0.00,0.00,1.00,0.00,0.00,1.00,0.00,1.00,0.00,0.00,0.00,0.00,0.00,0.00,0.00,0.00,0.00,0.00,0.00,0.00,0.00,1.00,0.00,1.00,0.00,0.00,0.00,1.00,0.00,0.00,0.00
Aspirante030,Reg030,REG26-001568,reg26-001568@ejemplo.mx,En curso,13 de septiembre de 2026  14:06,,0 mins 26 segundos,-,-,-,-,-,-,-,-,-,-,-,-,-,-,-,-,-,-,-,-,-,-,-,-,-,-,-,-,-,-,-,-,-,-,-,-,-,-,-,-,-,-,-,-,-,-,-,-,-,-,-,-,-,-,-,-,-,-,-,-,-,-,-,-,-,-,-,-,-,-,-,-,-,-,-,-,-,-,-,-,-,-,-,-,-,-,-,-,-,-,-,-,-,-,-,-,-,-,-,-,-,-,-,-,-,-
Aspirante031,Reg031,REG26-001580,reg26-001580@ejemplo.mx,Terminado,12 de septiembre de 2026  08:14,12 de septiembre de 2026  10:13,1 horas 59 mins,33.00,0.00,0.00,0.00,1.00,0.00,1.00,0.00,1.00,1.00,1.00,0.00,1.00,0.00,0.00,0.00,1.00,1.00,1.00,0.00,0.00,1.00,1.00,0.00,0.00,1.00,1.00,0.00,0.00,0.00,0.00,0.00,1.00,0.00,0.00,1.00,0.00,0.00,1.00,0.00,0.00,0.00,0.00,0.00,1.00,0.00,0.00,0.00,0.00,1.00,1.00,0.00,0.00,1.00,1.00,0.00,0.00,0.00,0.00,0.00,0.00,1.00,1.00,1.00,0.00,0.00,0.00,0.00,0.00,0.00,0.00,0.00,0.00,0.00,0.00,1.00,0.00,0.00,0.00,1.00,0.00,1.00,0.00,1.00,0.00,1.00,1.00,0.00,1.00,0.00,0.00,0.00,0.00,0.00,0.00,0.00,0.00,0.00,0.00,0.00,0.00,0.00,0.00,0.00,1.00,1.00
Aspirante032,Reg032,REG26-001691,reg26-001691@ejemplo.mx,Terminado,12 de septiembre de 2026  09:31,12 de septiembre de 2026  10:38,1 horas 7 mins,74.00,0.00,1.00,1.00,0.00,1.00,1.00,1.00,0.00,0.00,1.00,1.00,1.00,0.00,0.00,1.00,1.00,1.00,1.00,1.00,0.00,0.00,1.00,0.00,1.00,0.00,1.00,1.00,1.00,1.00,1.00,0.00,1.00,0.00,1.00,1.00,1.00,0.00,1.00,1.00,0.00,1.00,1.00,1.00,0.00,0.00,1.00,1.00,1.00,1.00,0.00,1.00,1.00,1.00,1.00,1.00,1.00,1.00,0.00,1.00,0.00,0.00,1.00,1.00,1.00,1.00,1.00,1.00,1.00,1.00,1.00,1.00,1.00,1.00,0.00,1.00,0.00,0.00,1.00,1.00,0.00,0.00,1.00,1.00,1.00,1.00,0.00,1.00,0.00,1.00,1.00,1.00,0.00,1.00,1.00,0.00,1.00,0.00,1.00,1.00,1.00,1.00,1.00,0.00,1.00,1.00
Aspirante033,Reg033,REG26-001772,reg26-001772@ejemplo.mx,No se ha intentado todavía,,,,0.00,-,-,-,-,-,-,-,-,-,-,-,-,-,-,-,-,-,-,-,-,-,-,-,-,-,-,-,-,-,-,-,-,-,-,-,-,-,-,-,-,-,-,-,-,-,-,-,-,-,-,-,-,-,-,-,-,-,-,-,-,-,-,-,-,-,-,-,-,-,-,-,-,-,-,-,-,-,-,-,-,-,-,-,-,-,-,-,-,-,-,-,-,-,-,-,-,-,-,-,-,-,-,-,-,-
Aspirante034,Reg034,REG26-001799,reg26-001799@ejemplo.mx,Terminado,12 de septiembre de 2026  08:10,12 de septiembre de 2026  08:45,35 mins 3 segundos,51.00,0.00,1.00,1.00,0.00,1.00,1.00,0.00,0.00,0.00,1.00,1.00,1.00,0.00,1.00,1.00,0.00,0.00,0.00,1.00,0.00,0.00,1.00,0.00,0.00,0.00,1.00,1.00,1.00,0.00,1.00,1.00,1.00,0.00,0.00,0.00,1.00,1.00,0.00,1.00,1.00,1.00,0.00,0.00,1.00,1.00,1.00,0.00,1.00,0.00,0.00,0.00,0.00,0.00,0.00,0.00,1.00,1.00,1.00,1.00,1.00,1.00,0.00,0.00,1.00,1.00,1.00,0.00,0.00,1.00,1.00,0.00,1.00,1.00,1.00,1.00,0.00,0.00,0.00,0.00,1.00,0.00,1.00,0.00,1.00,0.00,0.00,0.00,1.00,0.00,1.00,1.00,0.00,0.00,0.00,0.00,1.00,1.00,0.00,0.00,1.00,0.00,0.00,0.00,1.00,0.00
Aspirante035,Reg035,REG26-001847,reg26-001847@ejemplo.mx,Terminado,12 de septiembre de 2026  09:33,12 de septiembre de 2026  11:58,2 horas 25 mins,64.00,1.00,1.00,1.00,0.00,1.00,0.00,0.00,1.00,1.00,1.00,1.00,1.00,1.00,0.00,0.00,1.00,1.00,1.00,1.00,1.00,1.00,1.00,1.00,1.00,0.00,1.00,0.00,1.00,1.00,1.00,0.00,1.00,1.00,0.00,1.00,0.00,0.00,1.00,1.00,0.00,1.00,1.00,0.00,1.00,0.00,0.00,1.00,1.00,0.00,1.00,1.00,0.00,1.00,0.00,0.00,0.00,1.00,1.00,1.00,0.00,1.00,0.00,0.00,0.00,1.00,1.00,1.00,0.00,0.00,0.00,1.00,0.00,1.00,0.00,1.00,1.00,1.00,0.00,1.00,0.00,0.00,1.00,0.00,1.00,1.00,0.00,1.00,0.00,0.00,1.00,0.00,0.00,1.00,1.00,1.00,1.00,1.00,1.00,0.00,0.00,1.00,1.00,0.00,1.00,1.00
Aspirante036,Reg036,REG26-001859,reg26-001859@ejemplo.mx,Terminado,12 de septiembre de 2026  14:13,12 de septiembre de 2026  14:57,44 mins 17 segundos,61.00,0.00,1.00,1.00,1.00,1.00,1.00,1.00,0.00,1.00,1.00,1.00,1.00,0.00,0.00,1.00,1.00,1.00,1.00,1.00,0.00,1.00,1.00,1.00,1.00,1.00,0.00,1.00,0.00,1.00,1.00,1.00,1.00,1.00,1.00,0.00,1.00,0.00,1.00,1.00,1.00,0.00,0.00,1.00,0.00,0.00,1.00,1.00,0.00,1.00,1.00,0.00,1.00,0.00,0.00,0.00,0.00,1.00,0.00,0.00,0.00,0.00,1.00,1.00,1.00,1.00,1.00,1.00,0.00,0.00,0.00,1.00,1.00,0.00,0.00,0.00,1.00,0.00,0.00,1.00,0.00,1.00,0.00,1.00,0.00,1.00,0.00,0.00,1.00,0.00,1.00,1.00,0.00,1.00,0.00,1.00,0.00,1.00,1.00,0.00,0.00,0.00,1.00,1.00,1.00,0.00
Aspirante037,Reg037,REG26-001898,reg26-001898@ejemplo.mx,Terminado,12 de septiembre de 2026  08:12,12 de septiembre de 2026  10:41,2 horas 29 mins,33.00,0.00,1.00,1.00,1.00,0.00,0.00,0.00,0.00,0.00,1.00,0.00,1.00,0.00,1.00,0.00,1.00,1.00,1.00,1.00,0.00,0.00,0.00,0.00,1.00,1.00,1.00,1.00,0.00,1.00,0.00,0.00,1.00,0.00,0.00,0.00,1.00,0.00,1.00,0.00,1.00,0.00,0.00,0.00,0.00,0.00,0.00,1.00,0.00,0.00,0.00,0.00,1.00,1.00,0.00,0.00,0.00,0.00,0.00,1.00,0.00,0.00,0.00,0.00,0.00,0.00,1.00,0.00,0.00,0.00,1.00,0.00,1.00,0.00,0.00,0.00,0.00,0.00,0.00,0.00,0.00,1.00,1.00,0.00,0.00,1.00,0.00,1.00,0.00,1.00,0.00,1.00,0.00,0.00,0.00,0.00,0.00,0.00,1.00,0.00,0.00,0.00,0.00,0.00,0.00,0.00
Aspirante038,Reg038,REG26-001919,reg26-001919@ejemplo.mx,En curso,12 de septiembre de 2026  09:52,,0 mins 16 segundos,-,-,-,-,-,-,-,-,-,-,-,-,-,-,-,-,-,-,-,-,-,-,-,-,-,-,-,-,-,-,-,-,-,-,-,-,-,-,-,-,-,-,-,-,-,-,-,-,-,-,-,-,-,-,-,-,-,-,-,-,-,-,-,-,-,-,-,-,-,-,-,-,-,-,-,-,-,-,-,-,-,-,-,-,-,-,-,-,-,-,-,-,-,-,-,-,-,-,-,-,-,-,-,-,-,-
Aspirante039,Reg039,REG26-001931,reg26-001931@ejemplo.mx,En curso,13 de septiembre de 2026  14:07,,0 mins 11 segundos,-,-,-,-,-,-,-,-,-,-,-,-,-,-,-,-,-,-,-,-,-,-,-,-,-,-,-,-,-,-,-,-,-,-,-,-,-,-,-,-,-,-,-,-,-,-,-,-,-,-,-,-,-,-,-,-,-,-,-,-,-,-,-,-,-,-,-,-,-,-,-,-,-,-,-,-,-,-,-,-,-,-,-,-,-,-,-,-,-,-,-,-,-,-,-,-,-,-,-,-,-,-,-,-,-,-
Aspirante040,Reg040,REG26-001958,reg26-001958@ejemplo.mx,Terminado,12 de septiembre de 2026  08:07,12 de septiembre de 2026  10:28,2 horas 21 mins,43.00,1.00,1.00,1.00,1.00,0.00,1.00,0.00,0.00,1.00,1.00,1.00,0.00,1.00,1.00,0.00,0.00,1.00,0.00,1.00,0.00,1.00,0.00,0.00,0.00,1.00,0.00,1.00,0.00,0.00,1.00,0.00,1.00,0.00,1.00,0.00,0.00,1.00,1.00,1.00,1.00,1.00,1.00,0.00,0.00,0.00,1.00,0.00,1.00,1.00,1.00,1.00,0.00,0.00,1.00,0.00,0.00,1.00,0.00,1.00,0.00,0.00,0.00,0.00,0.00,0.00,1.00,1.00,0.00,1.00,0.00,1.00,1.00,0.00,1.00,0.00,0.00,0.00,1.00,0.00,0.00,1.00,0.00,0.00,0.00,0.00,0.00,0.00,0.00,0.00,0.00,1.00,0.00,0.00,0.00,0.00,0.00,0.00,0.00,1.00,1.00,0.00,0.00,0.00,0.00,0.00
Aspirante041,Reg041,REG26-002180,reg26-002180@ejemplo.mx,No se ha intentado todavía,,,,0.00,-,-,-,-,-,-,-,-,-,-,-,-,-,-,-,-,-,-,-,-,-,-,-,-,-,-,-,-,-,-,-,-,-,-,-,-,-,-,-,-,-,-,-,-,-,-,-,-,-,-,-,-,-,-,-,-,-,-,-,-,-,-,-,-,-,-,-,-,-,-,-,-,-,-,-,-,-,-,-,-,-,-,-,-,-,-,-,-,-,-,-,-,-,-,-,-,-,-,-,-,-,-,-,-,-
Aspirante042,Reg042,REG26-002258,reg26-002258@ejemplo.mx,Terminado,12 de septiembre de 2026  14:02,12 de septiembre de 2026  16:32,2 horas 30 mins,35.00,0.00,0.00,0.00,0.00,0.00,0.00,1.00,0.00,0.00,0.00,0.00,0.00,0.00,0.00,0.00,0.00,1.00,0.00,1.00,1.00,1.00,0.00,0.00,0.00,0.00,1.00,0.00,1.00,0.00,0.00,0.00,0.00,0.00,0.00,0.00,1.00,0.00,0.00,0.00,1.00,1.00,1.00,0.00,0.00,0.00,0.00,0.00,1.00,1.00,0.00,0.00,0.00,1.00,0.00,0.00,0.00,0.00,0.00,1.00,1.00,0.00,0.00,1.00,0.00,1.00,0.00,1.00,1.00,1.00,0.00,1.00,0.00,0.00,0.00,0.00,1.00,1.00,0.00,0.00,0.00,1.00,0.00,0.00,0.00,0.00,0.00,1.00,1.00,0.00,1.00,0.00,1.00,1.00,1.00,1.00,0.00,0.00,0.00,1.00,0.00,0.00,0.00,0.00,1.00,1.00
Aspirante043,Reg043,REG26-002264,reg26-002264@ejemplo.mx,Terminado,12 de septiembre de 2026  08:06,12 de septiembre de 2026  09:50,1 horas 44 mins,75.00,0.00,0.00,0.00,1.00,1.00,0.00,0.00,0.00,0.00,0.00,1.00,1.00,1.00,1.00,0.00,1.00,0.00,0.00,1.00,0.00,1.00,1.00,1.00,1.00,1.00,1.00,1.00,1.00,0.00,1.00,0.00,1.00,1.00,1.00,0.00,0.00,1.00,1.00,1.00,0.00,1.00,1.00,1.00,1.00,1.00,1.00,1.00,0.00,0.00,1.00,0.00,1.00,1.00,1.00,1.00,0.00,1.00,1.00,1.00,1.00,1.00,1.00,0.00,0.00,1.00,1.00,1.00,0.00,1.00,1.00,1.00,1.00,1.00,1.00,1.00,0.00,1.00,1.00,1.00,1.00,1.00,0.00,0.00,1.00,1.00,1.00,1.00,1.00,1.00,1.00,0.00,1.00,1.00,1.00,0.00,1.00,1.00,1.00,0.00,1.00,1.00,1.00,1.00,1.00,1.00
Aspirante044,Reg044,REG26-002312,reg26-002312@ejemplo.mx,Terminado,12 de septiembre de 2026  09:30,12 de septiembre de 2026  11:02,1 horas 32 mins,67.00,0.00,0.00,1.00,1.00,0.00,1.00,1.00,1.00,0.00,1.00,1.00,1.00,1.00,1.00,1.00,1.00,1.00,1.00,0.00,1.00,1.00,0.00,1.00,0.00,0.00,0.00,1.00,1.00,1.00,1.00,1.00,1.00,0.00,1.00,0.00,0.00,1.00,1.00,1.00,1.00,1.00,0.00,0.00,1.00,1.00,1.00,1.00,0.00,0.00,1.00,0.00,0.00,1.00,0.00,1.00,1.00,1.00,1.00,1.00,1.00,1.00,0.00,1.00,1.00,0.00,1.00,1.00,1.00,1.00,1.00,0.00,1.00,1.00,0.00,0.00,0.00,0.00,1.00,0.00,0.00,1.00,0.00,0.00,1.00,1.00,0.00,0.00,0.00,0.00,0.00,1.00,1.00,1.00,0.00,1.00,0.00,0.00,1.00,1.00,1.00,1.00,1.00,1.00,1.00,1.00
Aspirante045,Reg045,REG26-002318,reg26-002318@ejemplo.mx,Terminado,12 de septiembre de 2026  14:14,12 de septiembre de 2026  15:57,1 horas 43 mins,77.00,1.00,1.00,1.00,0.00,1.00,1.00,0.00,1.00,1.00,1.00,0.00,1.00,1.00,0.00,1.00,1.00,0.00,1.00,1.00,1.00,1.00,1.00,1.00,1.00,1.00,0.00,0.00,1.00,1.00,1.00,1.00,1.00,0.00,1.00,1.00,1.00,1.00,1.00,1.00,0.00,0.00,1.00,0.00,1.00,1.00,1.00,1.00,1.00,1.00,0.00,1.00,1.00,0.00,1.00,0.00,1.00,1.00,1.00,1.00,1.00,1.00,1.00,0.00,1.00,0.00,1.00,1.00,1.00,1.00,0.00,1.00,1.00,1.00,0.00,0.00,1.00,1.00,1.00,1.00,1.00,1.00,1.00,1.00,0.00,1.00,0.00,1.00,0.00,1.00,1.00,1.00,1.00,1.00,0.00,0.00,1.00,1.00,0.00,1.00,1.00,0.00,1.00,0.00,0.00,1.00
Aspirante046,Reg046,REG26-002411,reg26-002411@ejemplo.mx,No se ha intentado todavía,,,,0.00,-,-,-,-,-,-,-,-,-,-,-,-,-,-,-,-,-,-,-,-,-,-,-,-,-,-,-,-,-,-,-,-,-,-,-,-,-,-,-,-,-,-,-,-,-,-,-,-,-,-,-,-,-,-,-,-,-,-,-,-,-,-,-,-,-,-,-,-,-,-,-,-,-,-,-,-,-,-,-,-,-,-,-,-,-,-,-,-,-,-,-,-,-,-,-,-,-,-,-,-,-,-,-,-,-
Aspirante047,Reg047,REG26-002456,reg26-002456@ejemplo.mx,Terminado,12 de septiembre de 2026  09:33,12 de septiembre de 2026  11:55,2 horas 22 mins,53.00,1.00,1.00,0.00,1.00,0.00,1.00,1.00,1.00,0.00,1.00,1.00,1.00,1.00,1.00,0.00,0.00,0.00,1.00,1.00,1.00,1.00,0.00,1.00,1.00,0.00,1.00,0.00,0.00,0.00,0.00,0.00,1.00,0.00,0.00,1.00,1.00,0.00,0.00,0.00,1.00,0.00,0.00,1.00,0.00,0.00,0.00,1.00,0.00,1.00,0.00,0.00,1.00,0.00,1.00,1.00,1.00,1.00,1.00,1.00,0.00,0.00,0.00,1.00,1.00,1.00,1.00,1.00,0.00,0.00,1.00,1.00,1.00,1.00,1.00,0.00,1.00,0.00,0.00,1.00,1.00,0.00,1.00,0.00,0.00,0.00,1.00,0.00,0.00,0.00,1.00,0.00,0.00,0.00,0.00,0.00,0.00,0.00,0.00,1.00,0.00,1.00,1.00,0.00,1.00,1.00
Aspirante048,Reg048,REG26-002474,reg26-002474@ejemplo.mx,Terminado,12 de septiembre de 2026  14:12,12 de septiembre de 2026  14:57,45 mins 34 segundos,63.00,0.00,0.00,1.00,1.00,0.00,1.00,1.00,0.00,1.00,1.00,1.00,1.00,0.00,0.00,0.00,1.00,1.00,1.00,1.00,1.00,0.00,0.00,1.00,1.00,0.00,0.00,1.00,1.00,0.00,1.00,1.00,1.00,1.00,1.00,1.00,1.00,1.00,1.00,0.00,0.00,0.00,0.00,0.00,0.00,0.00,1.00,1.00,1.00,0.00,1.00,0.00,0.00,1.00,1.00,1.00,1.00,0.00,0.00,1.00,1.00,0.00,1.00,0.00,1.00,0.00,0.00,0.00,1.00,0.00,1.00,1.00,0.00,1.00,1.00,0.00,0.00,0.00,1.00,1.00,1.00,0.00,1.00,0.00,1.00,0.00,1.00,1.00,1.00,1.00,0.00,0.00,1.00,1.00,0.00,0.00,1.00,1.00,1.00,1.00,1.00,1.00,1.00,1.00,1.00,0.00
Aspirante049,Reg049,REG26-002498,reg26-002498@ejemplo.mx,Terminado,12 de septiembre de 2026  08:04,12 de septiembre de 2026  09:07,1 horas 3 mins,42.00,0.00,1.00,0.00,1.00,0.00,0.00,0.00,0.00,1.00,1.00,0.00,0.00,1.00,0.00,0.00,0.00,0.00,0.00,1.00,0.00,0.00,0.00,0.00,0.00,1.00,0.00,0.00,0.00,1.00,0.00,0.00,1.00,1.00,0.00,1.00,1.00,1.00,1.00,1.00,0.00,1.00,0.00,0.00,1.00,0.00,0.00,0.00,1.00,0.00,1.00,1.00,1.00,1.00,0.00,0.00,1.00,1.00,0.00,0.00,1.00,0.00,0.00,1.00,1.00,1.00,1.00,0.00,0.00,1.00,0.00,1.00,1.00,1.00,1.00,0.00,0.00,0.00,0.00,1.00,0.00,0.00,0.00,0.00,1.00,1.00,0.00,0.00,0.00,0.00,1.00,0.00,0.00,0.00,1.00,1.00,0.00,0.00,0.00,0.00,1.00,0.00,0.00,1.00,0.00,0.00
Promedio general,,,,,,,,55.66,0.51,0.68,0.73,0.66,0.51,0.68,0.54,0.51,0.63,0.63,0.63,0.61,0.66,0.51,0.56,0.71,0.59,0.54,0.63,0.56,0.71,0.54,0.49,0.54,0.71,0.68,0.59,0.61,0.44,0.66,0.51,0.71,0.46,0.56,0.54,0.66,0.54,0.71,0.49,0.54,0.49,0.51,0.39,0.56,0.49,0.46,0.56,0.56,0.54,0.54,0.44,0.49,0.56,0.51,0.49,0.44,0.63,0.51,0.61,0.54,0.61,0.41,0.56,0.56,0.46,0.59,0.59,0.39,0.54,0.44,0.59,0.61,0.59,0.44,0.41,0.37,0.46,0.34,0.49,0.41,0.39,0.59,0.41,0.49,0.63,0.51,0.46,0.56,0.39,0.56,0.49,0.41,0.46,0.51,0.37,0.39,0.44,0.49,0.34,0.51,0.56,0.44,0.37,0.49,0.46
